<?xml version="1.0" encoding="utf-8"?><sf:SMARTFORM xmlns:sf="urn:sap-com:SmartForms:2000:internal-structure" xmlns="urn:sap-com:sdixml-ifr:2000" sf:language="DE"><HEADER><FORMNAME>ZBIB_FORM1</FORMNAME><CAPTION>ZBIB_FORM1</CAPTION><MASTERLANG>D</MASTERLANG><LANGVECTOR>*</LANGVECTOR><DEVCLASS>ZBIBLIOTHEK</DEVCLASS><VERSION>00001</VERSION><STATUS>I</STATUS><FIRSTUSER>THEOBALD</FIRSTUSER><FIRSTDATE>2004-08-06</FIRSTDATE><FIRSTTIME>17:43:31</FIRSTTIME><LASTUSER>THEOBALD</LASTUSER><LASTDATE>2004-08-08</LASTDATE><LASTTIME>10:04:39</LASTTIME></HEADER><INTERFACE><item><IOTYPE>E</IOTYPE><NAME>DOCUMENT_OUTPUT_INFO</NAME><TYPING>TYPE</TYPING><TYPENAME>SSFCRESPD</TYPENAME><BYVALUE>X</BYVALUE><STANDARD>X</STANDARD></item><item><IOTYPE>E</IOTYPE><NAME>JOB_OUTPUT_INFO</NAME><TYPING>TYPE</TYPING><TYPENAME>SSFCRESCL</TYPENAME><BYVALUE>X</BYVALUE><STANDARD>X</STANDARD></item><item><IOTYPE>E</IOTYPE><NAME>JOB_OUTPUT_OPTIONS</NAME><TYPING>TYPE</TYPING><TYPENAME>SSFCRESOP</TYPENAME><BYVALUE>X</BYVALUE><STANDARD>X</STANDARD></item><item><IOTYPE>I</IOTYPE><NAME>ARCHIVE_INDEX</NAME><TYPING>TYPE</TYPING><TYPENAME>TOA_DARA</TYPENAME><OPTIONAL>X</OPTIONAL><BYVALUE>X</BYVALUE><STANDARD>X</STANDARD></item><item><IOTYPE>I</IOTYPE><NAME>ARCHIVE_INDEX_TAB</NAME><TYPING>TYPE</TYPING><TYPENAME>TSFDARA</TYPENAME><OPTIONAL>X</OPTIONAL><BYVALUE>X</BYVALUE><STANDARD>X</STANDARD></item><item><IOTYPE>I</IOTYPE><NAME>ARCHIVE_PARAMETERS</NAME><TYPING>TYPE</TYPING><TYPENAME>ARC_PARAMS</TYPENAME><OPTIONAL>X</OPTIONAL><BYVALUE>X</BYVALUE><STANDARD>X</STANDARD></item><item><IOTYPE>I</IOTYPE><NAME>CONTROL_PARAMETERS</NAME><TYPING>TYPE</TYPING><TYPENAME>SSFCTRLOP</TYPENAME><OPTIONAL>X</OPTIONAL><BYVALUE>X</BYVALUE><STANDARD>X</STANDARD></item><item><IOTYPE>I</IOTYPE><NAME>MAIL_APPL_OBJ</NAME><TYPING>TYPE</TYPING><TYPENAME>SWOTOBJID</TYPENAME><OPTIONAL>X</OPTIONAL><BYVALUE>X</BYVALUE><STANDARD>X</STANDARD></item><item><IOTYPE>I</IOTYPE><NAME>MAIL_RECIPIENT</NAME><TYPING>TYPE</TYPING><TYPENAME>SWOTOBJID</TYPENAME><OPTIONAL>X</OPTIONAL><BYVALUE>X</BYVALUE><STANDARD>X</STANDARD></item><item><IOTYPE>I</IOTYPE><NAME>MAIL_SENDER</NAME><TYPING>TYPE</TYPING><TYPENAME>SWOTOBJID</TYPENAME><OPTIONAL>X</OPTIONAL><BYVALUE>X</BYVALUE><STANDARD>X</STANDARD></item><item><IOTYPE>I</IOTYPE><NAME>OUTPUT_OPTIONS</NAME><TYPING>TYPE</TYPING><TYPENAME>SSFCOMPOP</TYPENAME><OPTIONAL>X</OPTIONAL><BYVALUE>X</BYVALUE><STANDARD>X</STANDARD></item><item><IOTYPE>I</IOTYPE><NAME>USER_SETTINGS</NAME><TYPING>TYPE</TYPING><TYPENAME>TDBOOL</TYPENAME><OPTIONAL>X</OPTIONAL><BYVALUE>X</BYVALUE><DEFAULTVAL>&apos;X&apos;</DEFAULTVAL><STANDARD>X</STANDARD></item><item><IOTYPE>I</IOTYPE><NAME>WA_BUCH</NAME><TYPING>TYPE</TYPING><TYPENAME>ZBIBBUECHER</TYPENAME></item><item><IOTYPE>X</IOTYPE><NAME>FORMATTING_ERROR</NAME><STANDARD>X</STANDARD></item><item><IOTYPE>X</IOTYPE><NAME>INTERNAL_ERROR</NAME><STANDARD>X</STANDARD></item><item><IOTYPE>X</IOTYPE><NAME>SEND_ERROR</NAME><STANDARD>X</STANDARD></item><item><IOTYPE>X</IOTYPE><NAME>USER_CANCELED</NAME><STANDARD>X</STANDARD></item></INTERFACE><GDATA><item><NAME>VERLAGSBEZEICHNUNG</NAME><TYPING>LIKE</TYPING><TYPENAME>ZBIBVERLAGE-VERLAGBEZ</TYPENAME></item><item><NAME>WA_LINE</NAME><TYPING>LIKE</TYPING><TYPENAME>TLINE</TYPENAME></item><item><NAME>IT_LINES</NAME><TYPING>LIKE STANDARD TABLE OF</TYPING><TYPENAME>TLINE</TYPENAME></item><item><NAME>ANZAHLZEILEN</NAME><TYPING>TYPE</TYPING><TYPENAME>I</TYPENAME></item></GDATA><GPLIST><item><OPD>WA_BUCH-VERLAG</OPD><OUTIN>I</OUTIN></item><item><OPD>VERLAGSBEZEICHNUNG</OPD><OUTIN>O</OUTIN></item></GPLIST><GCODING><item/><item/><item>SELECT SINGLE verlagbez INTO verlagsbezeichnung</item><item>  FROM zbibverlage</item><item>  WHERE verlag = wa_buch-verlag.</item><item/><item/><item/><item/><item/><item/><item/><item/><item/><item/><item/><item/><item/><item/><item/><item/><item/><item/><item/><item/><item/><item/><item/></GCODING><sf:VARHEADER><sf:item><PAGEFORMAT>DINA4</PAGEFORMAT><CPI>10.00</CPI><LPI>6.00</LPI><STDSTYLE>SYSTEM</STDSTYLE><sf:PAGETREE><sf:NODE><NODETYPE>RP</NODETYPE><sf:SUCC><sf:item><sf:NODE><NODETYPE>PA</NODETYPE><sf:OBJ><sf:PAGE><NAME><INAME>%PAGE1</INAME></NAME><CAPTION>Neue Seite</CAPTION><NEXTPAGE><INAME>%PAGE1</INAME></NEXTPAGE><NUMB_MODE>I</NUMB_MODE><NUMB_TYPE>A</NUMB_TYPE><PAGEORTN>P</PAGEORTN><T_CAPTION><item><LANGU>D</LANGU><FORMNAME>ZBIB_FORM1</FORMNAME><OBJTYPE>PA</OBJTYPE><INAME>%PAGE1</INAME><CAPTION>Neue Seite</CAPTION></item></T_CAPTION></sf:PAGE></sf:OBJ><sf:SUCC><sf:item><sf:NODE><NODETYPE>WI</NODETYPE><sf:OBJ><sf:WINDOW ID="446 "><NAME><INAME>MAIN</INAME></NAME><CAPTION>Hauptfenster</CAPTION><WTYPE>M</WTYPE><T_CAPTION><item><LANGU>D</LANGU><FORMNAME>ZBIB_FORM1</FORMNAME><OBJTYPE>WI</OBJTYPE><INAME>MAIN</INAME><CAPTION>Hauptfenster</CAPTION></item></T_CAPTION><sf:PROC_CTRL><sf:NODE ID="470 "><NODETYPE>RC</NODETYPE><sf:SUCC><sf:item><sf:NODE><NODETYPE>TI</NODETYPE><sf:OBJ><sf:TEXT><NAME><INAME>HAUPTTEXT</INAME></NAME><CAPTION>Haupttext</CAPTION><APPMODE>P</APPMODE><TEXT><item><TDFORMAT>*</TDFORMAT><TDLINE>&lt;H&gt;&amp;WA_BUCH-TITEL&amp;&lt;/&gt;</TDLINE></item><item><TDFORMAT>*</TDFORMAT></item><item><TDFORMAT>*</TDFORMAT><TDLINE>ISBN-Nr,,&amp;WA_BUCH-ISBN&amp;</TDLINE></item><item><TDFORMAT>*</TDFORMAT><TDLINE>Autor,,&amp;WA_BUCH-AUTOR&amp;</TDLINE></item><item><TDFORMAT>*</TDFORMAT><TDLINE>Verlag,,&amp;WA_BUCH-VERLAG&amp; - &amp;VERLAGSBEZEICHNUNG&amp;</TDLINE></item></TEXT><STYLE_NAME>SYSTEM</STYLE_NAME><TEXT_AREA><ENABLED>F</ENABLED><NCOLS>0</NCOLS><NROWS>0</NROWS></TEXT_AREA><T_CAPTION><item><LANGU>D</LANGU><FORMNAME>ZBIB_FORM1</FORMNAME><OBJTYPE>TI</OBJTYPE><INAME>HAUPTTEXT</INAME><CAPTION>Haupttext</CAPTION></item></T_CAPTION><T_TEXT><item><SPRAS>D</SPRAS><TXTYPE>F</TXTYPE><FORMNAME>ZBIB_FORM1</FORMNAME><INAME>HAUPTTEXT</INAME><LINENR>000001</LINENR><TDFORMAT>*</TDFORMAT><TDLINE>&lt;H&gt;&amp;WA_BUCH-TITEL&amp;&lt;/&gt;</TDLINE></item><item><SPRAS>D</SPRAS><TXTYPE>F</TXTYPE><FORMNAME>ZBIB_FORM1</FORMNAME><INAME>HAUPTTEXT</INAME><LINENR>000002</LINENR><TDFORMAT>*</TDFORMAT></item><item><SPRAS>D</SPRAS><TXTYPE>F</TXTYPE><FORMNAME>ZBIB_FORM1</FORMNAME><INAME>HAUPTTEXT</INAME><LINENR>000003</LINENR><TDFORMAT>*</TDFORMAT><TDLINE>ISBN-Nr,,&amp;WA_BUCH-ISBN&amp;</TDLINE></item><item><SPRAS>D</SPRAS><TXTYPE>F</TXTYPE><FORMNAME>ZBIB_FORM1</FORMNAME><INAME>HAUPTTEXT</INAME><LINENR>000004</LINENR><TDFORMAT>*</TDFORMAT><TDLINE>Autor,,&amp;WA_BUCH-AUTOR&amp;</TDLINE></item><item><SPRAS>D</SPRAS><TXTYPE>F</TXTYPE><FORMNAME>ZBIB_FORM1</FORMNAME><INAME>HAUPTTEXT</INAME><LINENR>000005</LINENR><TDFORMAT>*</TDFORMAT><TDLINE>Verlag,,&amp;WA_BUCH-VERLAG&amp; - &amp;VERLAGSBEZEICHNUNG&amp;</TDLINE></item></T_TEXT></sf:TEXT></sf:OBJ><sf:OUTATTR><sf:OUTATTR><NAME><INAME>%OUTATTRIB2</INAME></NAME><U_WFRAME>PT</U_WFRAME><U_WBOXV>CM</U_WBOXV><U_WBOXH>CM</U_WBOXH><U_WLEFT>CM</U_WLEFT><U_WWIDTH>CM</U_WWIDTH><U_WTOP>CM</U_WTOP><U_WHEIGHT>CM</U_WHEIGHT><BORDER><LEFTLINE>X</LEFTLINE><LEFTATTR><THICKNESS>15.00</THICKNESS><THICKNESSU>TW</THICKNESSU><DISTANCE>1.00</DISTANCE><DISTANCEU>CM</DISTANCEU><COLOR><RED>000</RED><GREEN>000</GREEN><BLUE>000</BLUE><TRANS>000</TRANS></COLOR></LEFTATTR><TOPLINE>X</TOPLINE><TOPATTR><THICKNESS>15.00</THICKNESS><THICKNESSU>TW</THICKNESSU><DISTANCE>1.00</DISTANCE><DISTANCEU>CM</DISTANCEU><COLOR><RED>000</RED><GREEN>000</GREEN><BLUE>000</BLUE><TRANS>000</TRANS></COLOR></TOPATTR><RIGHTLINE>X</RIGHTLINE><RIGHTATTR><THICKNESS>15.00</THICKNESS><THICKNESSU>TW</THICKNESSU><DISTANCE>1.00</DISTANCE><DISTANCEU>CM</DISTANCEU><COLOR><RED>000</RED><GREEN>000</GREEN><BLUE>000</BLUE><TRANS>000</TRANS></COLOR></RIGHTATTR><BOTTOMLINE>X</BOTTOMLINE><BOTTOMATTR><THICKNESS>15.00</THICKNESS><THICKNESSU>TW</THICKNESSU><DISTANCE>1.00</DISTANCE><DISTANCEU>CM</DISTANCEU><COLOR><RED>000</RED><GREEN>000</GREEN><BLUE>000</BLUE><TRANS>000</TRANS></COLOR></BOTTOMATTR></BORDER><T_CAPTION><item><LANGU>D</LANGU><FORMNAME>ZBIB_FORM1</FORMNAME><OBJTYPE>OA</OBJTYPE><INAME>%OUTATTRIB2</INAME></item></T_CAPTION></sf:OUTATTR></sf:OUTATTR><sf:SUCC/></sf:NODE></sf:item></sf:SUCC></sf:NODE></sf:PROC_CTRL></sf:WINDOW></sf:OBJ><sf:OUTATTR><sf:OUTATTR><NAME><INAME>%OUTATTRIB1</INAME></NAME><CAPTION>Neue Ausgabeoption</CAPTION><U_WFRAME>PT</U_WFRAME><U_WBOXV>CM</U_WBOXV><U_WBOXH>CM</U_WBOXH><WLEFT>1.60</WLEFT><U_WLEFT>CM</U_WLEFT><WWIDTH>15.90</WWIDTH><U_WWIDTH>CM</U_WWIDTH><WTOP>1.40</WTOP><U_WTOP>CM</U_WTOP><WHEIGHT>3.80</WHEIGHT><U_WHEIGHT>CM</U_WHEIGHT><BORDER><LEFTATTR><THICKNESS>0.00</THICKNESS><THICKNESSU>PT</THICKNESSU><DISTANCE>0.00</DISTANCE><DISTANCEU>CM</DISTANCEU><COLOR><RED>000</RED><GREEN>000</GREEN><BLUE>000</BLUE><TRANS>000</TRANS></COLOR></LEFTATTR><TOPATTR><THICKNESS>0.00</THICKNESS><THICKNESSU>PT</THICKNESSU><DISTANCE>0.00</DISTANCE><DISTANCEU>CM</DISTANCEU><COLOR><RED>000</RED><GREEN>000</GREEN><BLUE>000</BLUE><TRANS>000</TRANS></COLOR></TOPATTR><RIGHTATTR><THICKNESS>0.00</THICKNESS><THICKNESSU>PT</THICKNESSU><DISTANCE>0.00</DISTANCE><DISTANCEU>CM</DISTANCEU><COLOR><RED>000</RED><GREEN>000</GREEN><BLUE>000</BLUE><TRANS>000</TRANS></COLOR></RIGHTATTR><BOTTOMATTR><THICKNESS>0.00</THICKNESS><THICKNESSU>PT</THICKNESSU><DISTANCE>0.00</DISTANCE><DISTANCEU>CM</DISTANCEU><COLOR><RED>000</RED><GREEN>000</GREEN><BLUE>000</BLUE><TRANS>000</TRANS></COLOR></BOTTOMATTR></BORDER><T_CAPTION><item><LANGU>D</LANGU><FORMNAME>ZBIB_FORM1</FORMNAME><OBJTYPE>OA</OBJTYPE><INAME>%OUTATTRIB1</INAME><CAPTION>Neue Ausgabeoption</CAPTION></item></T_CAPTION></sf:OUTATTR></sf:OUTATTR><sf:SUCC/></sf:NODE></sf:item><sf:item><sf:NODE><NODETYPE>WI</NODETYPE><sf:OBJ><sf:WINDOW ID="857 "><NAME><INAME>UMSCHLAGTEXT</INAME></NAME><CAPTION>Umschlagtext</CAPTION><WTYPE>T</WTYPE><T_CAPTION><item><LANGU>D</LANGU><FORMNAME>ZBIB_FORM1</FORMNAME><OBJTYPE>WI</OBJTYPE><INAME>UMSCHLAGTEXT</INAME><CAPTION>Umschlagtext</CAPTION></item></T_CAPTION><sf:PROC_CTRL><sf:NODE ID="881 "><NODETYPE>RC</NODETYPE><sf:SUCC><sf:item><sf:NODE><NODETYPE>CO</NODETYPE><sf:OBJ><sf:CODE><NAME><INAME>CODE1</INAME></NAME><CAPTION>Langtext holen</CAPTION><PLIST><item><OPD>WA_BUCH-ISBN</OPD><OUTIN>I</OUTIN></item><item><OPD>IT_LINES</OPD><OUTIN>O</OUTIN></item><item><OPD>ANZAHLZEILEN</OPD><OUTIN>O</OUTIN></item></PLIST><CODE><item>DATA key LIKE thead-tdname.</item><item>MOVE wa_buch-isbn TO key.</item><item/><item>CALL FUNCTION &apos;READ_TEXT&apos;</item><item>  EXPORTING</item><item>*   CLIENT                        = SY-MANDT</item><item>    id                            = &apos;ZUMS&apos;</item><item>    language                      = sy-langu</item><item>    name                          = key</item><item>    object                        = &apos;ZBIBBUCH&apos;</item><item>*   ARCHIVE_HANDLE                = 0</item><item>*   LOCAL_CAT                     = &apos; &apos;</item><item>* IMPORTING</item><item>*   HEADER                        =</item><item>  TABLES</item><item>    lines                         = it_lines</item><item> EXCEPTIONS</item><item>   id                            = 1</item><item>   language                      = 2</item><item>   name                          = 3</item><item>   not_found                     = 4</item><item>   object                        = 5</item><item>   reference_check               = 6</item><item>   wrong_access_to_archive       = 7</item><item>   OTHERS                        = 8</item><item>          .</item><item>IF sy-subrc &lt;&gt; 0.</item><item>  anzahlzeilen = 0.</item><item>ELSE.</item><item>  DESCRIBE TABLE it_lines LINES anzahlzeilen.</item><item>ENDIF.</item><item/><item/><item/><item/><item/><item/><item/><item/><item/><item/><item/><item/><item/><item/><item/><item/><item/><item/><item/><item/><item/><item/><item/></CODE><T_CAPTION><item><LANGU>D</LANGU><FORMNAME>ZBIB_FORM1</FORMNAME><OBJTYPE>CO</OBJTYPE><INAME>CODE1</INAME><CAPTION>Langtext holen</CAPTION></item></T_CAPTION></sf:CODE></sf:OBJ><sf:SUCC/></sf:NODE></sf:item><sf:item><sf:NODE><NODETYPE>CD</NODETYPE><sf:OBJ><sf:CONDITION><NAME><INAME>TEXTVORHANDEN</INAME></NAME><CAPTION>Text vorhanden?</CAPTION><COND><item><COP>GT</COP><OP1>ANZAHLZEILEN</OP1><OP2>0</OP2><ICON>@22\QSelektieren: Größer@</ICON></item></COND><T_CAPTION><item><LANGU>D</LANGU><FORMNAME>ZBIB_FORM1</FORMNAME><OBJTYPE>CD</OBJTYPE><INAME>TEXTVORHANDEN</INAME><CAPTION>Text vorhanden?</CAPTION></item></T_CAPTION></sf:CONDITION></sf:OBJ><sf:SUCC><sf:item><sf:NODE><NODETYPE>EV</NODETYPE><sf:OBJ><sf:EVENT><NAME><INAME>%EVENT1</INAME></NAME><CAPTION>TRUE</CAPTION><EVTYPE>+</EVTYPE><T_CAPTION><item><LANGU>D</LANGU><FORMNAME>ZBIB_FORM1</FORMNAME><OBJTYPE>EV</OBJTYPE><INAME>%EVENT1</INAME><CAPTION>TRUE</CAPTION></item></T_CAPTION></sf:EVENT></sf:OBJ><sf:SUCC><sf:item><sf:NODE><NODETYPE>SE</NODETYPE><sf:OBJ><sf:SECTION><NAME><INAME>LOOP</INAME></NAME><CAPTION>Zeilendurchlauf</CAPTION><SECTTYPE>L</SECTTYPE><DATATYPE>L</DATATYPE><TABNAME>IT_LINES</TABNAME><TABHTYPE>I</TABHTYPE><TABHEADER>WA_LINE</TABHEADER><U_FHEIGHT>CM</U_FHEIGHT><PATTERN><PATTNUM>0000</PATTNUM><FRAME>0.00</FRAME><U_FRAME>PT</U_FRAME></PATTERN><U_WIDTH>CM</U_WIDTH><U_LEFT>CM</U_LEFT><U_TOP>CM</U_TOP><U_SB>CM</U_SB><U_SA>CM</U_SA><T_CAPTION><item><LANGU>D</LANGU><FORMNAME>ZBIB_FORM1</FORMNAME><OBJTYPE>SE</OBJTYPE><INAME>LOOP</INAME><CAPTION>Zeilendurchlauf</CAPTION></item></T_CAPTION></sf:SECTION></sf:OBJ><sf:SUCC><sf:item><sf:NODE><NODETYPE>TI</NODETYPE><sf:OBJ><sf:TEXT><NAME><INAME>ZEILE</INAME></NAME><CAPTION>Zeile ausgeben</CAPTION><NOLANGUAGE>X</NOLANGUAGE><APPMODE>A</APPMODE><TEXT><item><TDFORMAT>*</TDFORMAT><TDLINE>&amp;WA_LINE-TDLINE&amp;</TDLINE></item></TEXT><STYLE_NAME>SYSTEM</STYLE_NAME><TEXT_AREA><ENABLED>F</ENABLED><NCOLS>0</NCOLS><NROWS>0</NROWS></TEXT_AREA><T_CAPTION><item><LANGU>D</LANGU><FORMNAME>ZBIB_FORM1</FORMNAME><OBJTYPE>TI</OBJTYPE><INAME>ZEILE</INAME><CAPTION>Zeile ausgeben</CAPTION></item></T_CAPTION></sf:TEXT></sf:OBJ><sf:SUCC/></sf:NODE></sf:item></sf:SUCC></sf:NODE></sf:item></sf:SUCC></sf:NODE></sf:item><sf:item><sf:NODE><NODETYPE>EV</NODETYPE><sf:OBJ><sf:EVENT><NAME><INAME>%EVENT2</INAME></NAME><CAPTION>FALSE</CAPTION><EVTYPE>-</EVTYPE><T_CAPTION><item><LANGU>D</LANGU><FORMNAME>ZBIB_FORM1</FORMNAME><OBJTYPE>EV</OBJTYPE><INAME>%EVENT2</INAME><CAPTION>FALSE</CAPTION></item></T_CAPTION></sf:EVENT></sf:OBJ><sf:SUCC><sf:item><sf:NODE><NODETYPE>TI</NODETYPE><sf:OBJ><sf:TEXT><NAME><INAME>ALTERNATIVTEXT</INAME></NAME><CAPTION>Alternativtext</CAPTION><APPMODE>P</APPMODE><TEXT><item><TDFORMAT>*</TDFORMAT><TDLINE>leider kein Text vorhanden</TDLINE></item></TEXT><STYLE_NAME>SYSTEM</STYLE_NAME><TEXT_AREA><ENABLED>F</ENABLED><NCOLS>0</NCOLS><NROWS>0</NROWS></TEXT_AREA><T_CAPTION><item><LANGU>D</LANGU><FORMNAME>ZBIB_FORM1</FORMNAME><OBJTYPE>TI</OBJTYPE><INAME>ALTERNATIVTEXT</INAME><CAPTION>Alternativtext</CAPTION></item></T_CAPTION><T_TEXT><item><SPRAS>D</SPRAS><TXTYPE>F</TXTYPE><FORMNAME>ZBIB_FORM1</FORMNAME><INAME>ALTERNATIVTEXT</INAME><LINENR>000001</LINENR><TDFORMAT>*</TDFORMAT><TDLINE>leider kein Text vorhanden</TDLINE></item></T_TEXT></sf:TEXT></sf:OBJ><sf:OUTATTR><sf:OUTATTR><NAME><INAME>%OUTATTRIB3</INAME></NAME><U_WFRAME>PT</U_WFRAME><U_WBOXV>CM</U_WBOXV><U_WBOXH>CM</U_WBOXH><U_WLEFT>CM</U_WLEFT><U_WWIDTH>CM</U_WWIDTH><U_WTOP>CM</U_WTOP><U_WHEIGHT>CM</U_WHEIGHT><BORDER><LEFTATTR><THICKNESS>15.00</THICKNESS><THICKNESSU>TW</THICKNESSU><DISTANCE>10.00</DISTANCE><DISTANCEU>CM</DISTANCEU><COLOR><RED>000</RED><GREEN>000</GREEN><BLUE>000</BLUE><TRANS>000</TRANS></COLOR></LEFTATTR><TOPATTR><THICKNESS>15.00</THICKNESS><THICKNESSU>TW</THICKNESSU><DISTANCE>10.00</DISTANCE><DISTANCEU>CM</DISTANCEU><COLOR><RED>000</RED><GREEN>000</GREEN><BLUE>000</BLUE><TRANS>000</TRANS></COLOR></TOPATTR><RIGHTATTR><THICKNESS>15.00</THICKNESS><THICKNESSU>TW</THICKNESSU><DISTANCE>10.00</DISTANCE><DISTANCEU>CM</DISTANCEU><COLOR><RED>000</RED><GREEN>000</GREEN><BLUE>000</BLUE><TRANS>000</TRANS></COLOR></RIGHTATTR><BOTTOMATTR><THICKNESS>15.00</THICKNESS><THICKNESSU>TW</THICKNESSU><DISTANCE>10.00</DISTANCE><DISTANCEU>CM</DISTANCEU><COLOR><RED>000</RED><GREEN>000</GREEN><BLUE>000</BLUE><TRANS>000</TRANS></COLOR></BOTTOMATTR></BORDER><T_CAPTION><item><LANGU>D</LANGU><FORMNAME>ZBIB_FORM1</FORMNAME><OBJTYPE>OA</OBJTYPE><INAME>%OUTATTRIB3</INAME></item></T_CAPTION></sf:OUTATTR></sf:OUTATTR><sf:SUCC/></sf:NODE></sf:item></sf:SUCC></sf:NODE></sf:item></sf:SUCC></sf:NODE></sf:item></sf:SUCC></sf:NODE></sf:PROC_CTRL></sf:WINDOW></sf:OBJ><sf:OUTATTR><sf:OUTATTR><NAME><INAME>%OUTATTRIB4</INAME></NAME><U_WFRAME>PT</U_WFRAME><U_WBOXV>CM</U_WBOXV><U_WBOXH>CM</U_WBOXH><WLEFT>1.60</WLEFT><U_WLEFT>CM</U_WLEFT><WWIDTH>15.90</WWIDTH><U_WWIDTH>CM</U_WWIDTH><WTOP>5.70</WTOP><U_WTOP>CM</U_WTOP><WHEIGHT>10.63</WHEIGHT><U_WHEIGHT>CM</U_WHEIGHT><BORDER><LEFTLINE>X</LEFTLINE><LEFTATTR><THICKNESS>15.00</THICKNESS><THICKNESSU>TW</THICKNESSU><DISTANCE>1.00</DISTANCE><DISTANCEU>CM</DISTANCEU><COLOR><RED>000</RED><GREEN>000</GREEN><BLUE>000</BLUE><TRANS>000</TRANS></COLOR></LEFTATTR><TOPLINE>X</TOPLINE><TOPATTR><THICKNESS>15.00</THICKNESS><THICKNESSU>TW</THICKNESSU><DISTANCE>1.00</DISTANCE><DISTANCEU>CM</DISTANCEU><COLOR><RED>000</RED><GREEN>000</GREEN><BLUE>000</BLUE><TRANS>000</TRANS></COLOR></TOPATTR><RIGHTLINE>X</RIGHTLINE><RIGHTATTR><THICKNESS>15.00</THICKNESS><THICKNESSU>TW</THICKNESSU><DISTANCE>1.00</DISTANCE><DISTANCEU>CM</DISTANCEU><COLOR><RED>000</RED><GREEN>000</GREEN><BLUE>000</BLUE><TRANS>000</TRANS></COLOR></RIGHTATTR><BOTTOMLINE>X</BOTTOMLINE><BOTTOMATTR><THICKNESS>15.00</THICKNESS><THICKNESSU>TW</THICKNESSU><DISTANCE>1.00</DISTANCE><DISTANCEU>CM</DISTANCEU><COLOR><RED>000</RED><GREEN>000</GREEN><BLUE>000</BLUE><TRANS>000</TRANS></COLOR></BOTTOMATTR></BORDER><T_CAPTION><item><LANGU>D</LANGU><FORMNAME>ZBIB_FORM1</FORMNAME><OBJTYPE>OA</OBJTYPE><INAME>%OUTATTRIB4</INAME></item></T_CAPTION></sf:OUTATTR></sf:OUTATTR><sf:SUCC/></sf:NODE></sf:item></sf:SUCC></sf:NODE></sf:item></sf:SUCC></sf:NODE></sf:PAGETREE></sf:item></sf:VARHEADER></sf:SMARTFORM>