<?xml version="1.0" encoding="utf-8"?><sf:SMARTFORM xmlns:sf="urn:sap-com:SmartForms:2000:internal-structure" xmlns="urn:sap-com:sdixml-ifr:2000" sf:language="DE"><HEADER><FORMNAME>ZBIB_FORM3</FORMNAME><CAPTION>Bestandsliste</CAPTION><MASTERLANG>D</MASTERLANG><LANGVECTOR>*</LANGVECTOR><THRULANG>X</THRULANG><DEVCLASS>ZBIBLIOTHEK</DEVCLASS><VERSION>00001</VERSION><FIRSTUSER>THEOBALD</FIRSTUSER><FIRSTDATE>2004-08-07</FIRSTDATE><FIRSTTIME>17:38:30</FIRSTTIME><LASTUSER>THEOBALD</LASTUSER><LASTDATE>2004-08-08</LASTDATE><LASTTIME>17:20:20</LASTTIME></HEADER><INTERFACE><item><IOTYPE>E</IOTYPE><NAME>DOCUMENT_OUTPUT_INFO</NAME><TYPING>TYPE</TYPING><TYPENAME>SSFCRESPD</TYPENAME><BYVALUE>X</BYVALUE><STANDARD>X</STANDARD></item><item><IOTYPE>E</IOTYPE><NAME>JOB_OUTPUT_INFO</NAME><TYPING>TYPE</TYPING><TYPENAME>SSFCRESCL</TYPENAME><BYVALUE>X</BYVALUE><STANDARD>X</STANDARD></item><item><IOTYPE>E</IOTYPE><NAME>JOB_OUTPUT_OPTIONS</NAME><TYPING>TYPE</TYPING><TYPENAME>SSFCRESOP</TYPENAME><BYVALUE>X</BYVALUE><STANDARD>X</STANDARD></item><item><IOTYPE>I</IOTYPE><NAME>ARCHIVE_INDEX</NAME><TYPING>TYPE</TYPING><TYPENAME>TOA_DARA</TYPENAME><OPTIONAL>X</OPTIONAL><BYVALUE>X</BYVALUE><STANDARD>X</STANDARD></item><item><IOTYPE>I</IOTYPE><NAME>ARCHIVE_INDEX_TAB</NAME><TYPING>TYPE</TYPING><TYPENAME>TSFDARA</TYPENAME><OPTIONAL>X</OPTIONAL><BYVALUE>X</BYVALUE><STANDARD>X</STANDARD></item><item><IOTYPE>I</IOTYPE><NAME>ARCHIVE_PARAMETERS</NAME><TYPING>TYPE</TYPING><TYPENAME>ARC_PARAMS</TYPENAME><OPTIONAL>X</OPTIONAL><BYVALUE>X</BYVALUE><STANDARD>X</STANDARD></item><item><IOTYPE>I</IOTYPE><NAME>CONTROL_PARAMETERS</NAME><TYPING>TYPE</TYPING><TYPENAME>SSFCTRLOP</TYPENAME><OPTIONAL>X</OPTIONAL><BYVALUE>X</BYVALUE><STANDARD>X</STANDARD></item><item><IOTYPE>I</IOTYPE><NAME>MAIL_APPL_OBJ</NAME><TYPING>TYPE</TYPING><TYPENAME>SWOTOBJID</TYPENAME><OPTIONAL>X</OPTIONAL><BYVALUE>X</BYVALUE><STANDARD>X</STANDARD></item><item><IOTYPE>I</IOTYPE><NAME>MAIL_RECIPIENT</NAME><TYPING>TYPE</TYPING><TYPENAME>SWOTOBJID</TYPENAME><OPTIONAL>X</OPTIONAL><BYVALUE>X</BYVALUE><STANDARD>X</STANDARD></item><item><IOTYPE>I</IOTYPE><NAME>MAIL_SENDER</NAME><TYPING>TYPE</TYPING><TYPENAME>SWOTOBJID</TYPENAME><OPTIONAL>X</OPTIONAL><BYVALUE>X</BYVALUE><STANDARD>X</STANDARD></item><item><IOTYPE>I</IOTYPE><NAME>OUTPUT_OPTIONS</NAME><TYPING>TYPE</TYPING><TYPENAME>SSFCOMPOP</TYPENAME><OPTIONAL>X</OPTIONAL><BYVALUE>X</BYVALUE><STANDARD>X</STANDARD></item><item><IOTYPE>I</IOTYPE><NAME>USER_SETTINGS</NAME><TYPING>TYPE</TYPING><TYPENAME>TDBOOL</TYPENAME><OPTIONAL>X</OPTIONAL><BYVALUE>X</BYVALUE><DEFAULTVAL>&apos;X&apos;</DEFAULTVAL><STANDARD>X</STANDARD></item><item><IOTYPE>X</IOTYPE><NAME>FORMATTING_ERROR</NAME><STANDARD>X</STANDARD></item><item><IOTYPE>X</IOTYPE><NAME>INTERNAL_ERROR</NAME><STANDARD>X</STANDARD></item><item><IOTYPE>X</IOTYPE><NAME>SEND_ERROR</NAME><STANDARD>X</STANDARD></item><item><IOTYPE>X</IOTYPE><NAME>USER_CANCELED</NAME><STANDARD>X</STANDARD></item></INTERFACE><GTYPES><item>types: begin of t_bestand,</item><item>         bestandsnr like zbibbestand-bestandsnr,</item><item>         isbn like zbibbuecher-isbn,</item><item>         titel like zbibbuecher-titel,</item><item>       end of t_bestand.</item><item/><item>types t_it_bestand type standard table of t_bestand.</item><item/><item/><item/><item/><item/><item/><item/><item/><item/><item/><item/><item/><item/><item/><item/><item/><item/><item/><item/><item/><item/><item/><item/><item/><item/><item/><item/></GTYPES><GDATA><item><NAME>IT_GENRES</NAME><TYPING>LIKE STANDARD TABLE OF</TYPING><TYPENAME>ZBIBGENRES</TYPENAME></item><item><NAME>WA_GENRE</NAME><TYPING>LIKE</TYPING><TYPENAME>ZBIBGENRES</TYPENAME></item><item><NAME>IT_BESTAND</NAME><TYPING>TYPE</TYPING><TYPENAME>T_IT_BESTAND</TYPENAME></item><item><NAME>WA_BESTAND</NAME><TYPING>TYPE</TYPING><TYPENAME>T_BESTAND</TYPENAME></item><item><NAME>SUMME</NAME><TYPING>TYPE</TYPING><TYPENAME>I</TYPENAME><DEFAULTVAL>0</DEFAULTVAL></item></GDATA><GPLIST><item><OPD>IT_GENRES</OPD><OUTIN>I</OUTIN></item><item><OPD>IT_GENRES</OPD><OUTIN>O</OUTIN></item></GPLIST><GCODING><item/><item>  SELECT * FROM zbibgenres INTO TABLE it_genres.</item><item/><item/><item/><item/><item/><item/><item/><item/><item/><item/><item/><item/><item/><item/><item/><item/><item/><item/><item/><item/><item/><item/><item/><item/></GCODING><sf:VARHEADER><sf:item><PAGEFORMAT>DINA4</PAGEFORMAT><CPI>10.00</CPI><LPI>6.00</LPI><STDSTYLE>ZBIB_STIL1</STDSTYLE><sf:PAGETREE><sf:NODE><NODETYPE>RP</NODETYPE><sf:SUCC><sf:item><sf:NODE><NODETYPE>PA</NODETYPE><sf:OBJ><sf:PAGE><NAME><INAME>%PAGE1</INAME></NAME><CAPTION>Neue Seite</CAPTION><NEXTPAGE><INAME>%PAGE1</INAME></NEXTPAGE><NUMB_MODE>I</NUMB_MODE><NUMB_TYPE>A</NUMB_TYPE><PAGEORTN>P</PAGEORTN><T_CAPTION><item><LANGU>D</LANGU><FORMNAME>ZBIB_FORM3</FORMNAME><OBJTYPE>PA</OBJTYPE><INAME>%PAGE1</INAME><CAPTION>Neue Seite</CAPTION></item></T_CAPTION></sf:PAGE></sf:OBJ><sf:SUCC><sf:item><sf:NODE><NODETYPE>WI</NODETYPE><sf:OBJ><sf:WINDOW ID="3998 "><NAME><INAME>MAIN</INAME></NAME><CAPTION>Hauptfenster</CAPTION><WTYPE>M</WTYPE><T_CAPTION><item><LANGU>D</LANGU><FORMNAME>ZBIB_FORM3</FORMNAME><OBJTYPE>WI</OBJTYPE><INAME>MAIN</INAME><CAPTION>Hauptfenster</CAPTION></item></T_CAPTION><sf:PROC_CTRL><sf:NODE ID="4022 "><NODETYPE>RC</NODETYPE><sf:SUCC><sf:item><sf:NODE><NODETYPE>TI</NODETYPE><sf:OBJ><sf:TEXT><NAME><INAME>INVENTURLISTE</INAME></NAME><APPMODE>P</APPMODE><TEXT><item><TDFORMAT>U1</TDFORMAT><TDLINE>Inventurliste</TDLINE></item><item><TDFORMAT>U1</TDFORMAT></item><item><TDFORMAT>U1</TDFORMAT></item></TEXT><STYLE_NAME>ZBIB_STIL1</STYLE_NAME><TEXT_AREA><ENABLED>F</ENABLED><NCOLS>0</NCOLS><NROWS>0</NROWS></TEXT_AREA><T_CAPTION><item><LANGU>D</LANGU><FORMNAME>ZBIB_FORM3</FORMNAME><OBJTYPE>TI</OBJTYPE><INAME>INVENTURLISTE</INAME></item></T_CAPTION><T_TEXT><item><SPRAS>D</SPRAS><TXTYPE>F</TXTYPE><FORMNAME>ZBIB_FORM3</FORMNAME><INAME>INVENTURLISTE</INAME><LINENR>000001</LINENR><TDFORMAT>U1</TDFORMAT><TDLINE>Inventurliste</TDLINE></item><item><SPRAS>D</SPRAS><TXTYPE>F</TXTYPE><FORMNAME>ZBIB_FORM3</FORMNAME><INAME>INVENTURLISTE</INAME><LINENR>000002</LINENR><TDFORMAT>U1</TDFORMAT></item><item><SPRAS>D</SPRAS><TXTYPE>F</TXTYPE><FORMNAME>ZBIB_FORM3</FORMNAME><INAME>INVENTURLISTE</INAME><LINENR>000003</LINENR><TDFORMAT>U1</TDFORMAT></item></T_TEXT></sf:TEXT></sf:OBJ><sf:SUCC/></sf:NODE></sf:item><sf:item><sf:NODE><NODETYPE>CO</NODETYPE><sf:OBJ><sf:CODE><NAME><INAME>DATENBESCHAFFUNG</INAME></NAME><PLIST><item><OPD>IT_BESTAND</OPD><OUTIN>I</OUTIN></item><item><OPD>SUMME</OPD><OUTIN>I</OUTIN></item><item><OPD>IT_BESTAND</OPD><OUTIN>O</OUTIN></item><item><OPD>SUMME</OPD><OUTIN>O</OUTIN></item></PLIST><CODE><item/><item>SELECT * INTO CORRESPONDING FIELDS OF TABLE it_bestand</item><item>  FROM zbibbestand</item><item>    INNER JOIN zbibbuecher</item><item>      ON zbibbuecher~isbn = zbibbestand~isbn.</item><item/><item>DESCRIBE TABLE it_bestand LINES summe.</item><item/><item/><item/><item/><item/><item/><item/><item/><item/><item/><item/><item/><item/><item/><item/><item/><item/><item/><item/><item/><item/><item/><item/><item/></CODE><T_CAPTION><item><LANGU>D</LANGU><FORMNAME>ZBIB_FORM3</FORMNAME><OBJTYPE>CO</OBJTYPE><INAME>DATENBESCHAFFUNG</INAME></item></T_CAPTION></sf:CODE></sf:OBJ><sf:SUCC/></sf:NODE></sf:item><sf:item><sf:NODE><NODETYPE>SE</NODETYPE><sf:OBJ><sf:SECTION><NAME><INAME>TABELLE</INAME></NAME><CAPTION>Tabelle</CAPTION><SECTTYPE>C</SECTTYPE><DATATYPE>L</DATATYPE><TABNAME>IT_GENRES</TABNAME><TABHTYPE>I</TABHTYPE><TABHEADER>WA_GENRE</TABHEADER><OTABTYPE>D</OTABTYPE><OTABHEADER>A</OTABHEADER><OTABFOOTER>A</OTABFOOTER><FHEIGHT>1.00</FHEIGHT><U_FHEIGHT>CM</U_FHEIGHT><PATTERN><PATTNUM>0000</PATTNUM><FRAME>15.00</FRAME><U_FRAME>TW</U_FRAME></PATTERN><USEBORDER>X</USEBORDER><WIDTH>16.00</WIDTH><U_WIDTH>CM</U_WIDTH><APPMODE>L</APPMODE><U_LEFT>CM</U_LEFT><U_TOP>CM</U_TOP><U_SB>CM</U_SB><U_SA>CM</U_SA><DYNLINES><item><NAME>GENRE</NAME><SHADING>000</SHADING></item><item><NAME>BESTAND</NAME><DEFAULTVAL>X</DEFAULTVAL><SHADING>000</SHADING></item></DYNLINES><CELLS><item><NAME>GENRE</NAME><COLUMNNR>001</COLUMNNR><CWIDTH>16.00</CWIDTH><U_CWIDTH>CM</U_CWIDTH><SHADING>000</SHADING><BORDERS><item><IDX>001</IDX><INTENSITY>000</INTENSITY><LLEFT>0.00</LLEFT><LLEFT_U>MM</LLEFT_U><LTOP>0.00</LTOP><LTOP_U>MM</LTOP_U><LRIGHT>0.00</LRIGHT><LRIGHT_U>MM</LRIGHT_U><LBOTTOM>15.00</LBOTTOM><LBOTTOM_U>TW</LBOTTOM_U><FILLCOLOR><RED>000</RED><GREEN>000</GREEN><BLUE>000</BLUE><USED>X</USED></FILLCOLOR><CLEFT><RED>000</RED><GREEN>000</GREEN><BLUE>000</BLUE></CLEFT><CTOP><RED>000</RED><GREEN>000</GREEN><BLUE>000</BLUE></CTOP><CRIGHT><RED>000</RED><GREEN>000</GREEN><BLUE>000</BLUE></CRIGHT><CBOTTOM><RED>000</RED><GREEN>000</GREEN><BLUE>000</BLUE><USED>X</USED></CBOTTOM></item></BORDERS></item><item><NAME>BESTAND</NAME><COLUMNNR>001</COLUMNNR><CWIDTH>1.50</CWIDTH><U_CWIDTH>CM</U_CWIDTH><SHADING>000</SHADING><BORDERS><item><IDX>001</IDX><INTENSITY>000</INTENSITY><LLEFT>0.00</LLEFT><LLEFT_U>MM</LLEFT_U><LTOP>0.00</LTOP><LTOP_U>MM</LTOP_U><LRIGHT>0.00</LRIGHT><LRIGHT_U>MM</LRIGHT_U><LBOTTOM>0.00</LBOTTOM><LBOTTOM_U>MM</LBOTTOM_U><FILLCOLOR><RED>000</RED><GREEN>000</GREEN><BLUE>000</BLUE><USED>X</USED></FILLCOLOR><CLEFT><RED>000</RED><GREEN>000</GREEN><BLUE>000</BLUE></CLEFT><CTOP><RED>000</RED><GREEN>000</GREEN><BLUE>000</BLUE></CTOP><CRIGHT><RED>000</RED><GREEN>000</GREEN><BLUE>000</BLUE></CRIGHT><CBOTTOM><RED>000</RED><GREEN>000</GREEN><BLUE>000</BLUE></CBOTTOM></item></BORDERS></item><item><NAME>BESTAND</NAME><COLUMNNR>002</COLUMNNR><CWIDTH>3.00</CWIDTH><U_CWIDTH>CM</U_CWIDTH><SHADING>000</SHADING><BORDERS><item><IDX>001</IDX><INTENSITY>000</INTENSITY><LLEFT>0.00</LLEFT><LLEFT_U>MM</LLEFT_U><LTOP>0.00</LTOP><LTOP_U>MM</LTOP_U><LRIGHT>0.00</LRIGHT><LRIGHT_U>MM</LRIGHT_U><LBOTTOM>0.00</LBOTTOM><LBOTTOM_U>MM</LBOTTOM_U><FILLCOLOR><RED>000</RED><GREEN>000</GREEN><BLUE>000</BLUE><USED>X</USED></FILLCOLOR><CLEFT><RED>000</RED><GREEN>000</GREEN><BLUE>000</BLUE></CLEFT><CTOP><RED>000</RED><GREEN>000</GREEN><BLUE>000</BLUE></CTOP><CRIGHT><RED>000</RED><GREEN>000</GREEN><BLUE>000</BLUE></CRIGHT><CBOTTOM><RED>000</RED><GREEN>000</GREEN><BLUE>000</BLUE></CBOTTOM></item></BORDERS></item><item><NAME>BESTAND</NAME><COLUMNNR>003</COLUMNNR><CWIDTH>2.50</CWIDTH><U_CWIDTH>CM</U_CWIDTH><SHADING>000</SHADING><BORDERS><item><IDX>001</IDX><INTENSITY>000</INTENSITY><LLEFT>0.00</LLEFT><LLEFT_U>MM</LLEFT_U><LTOP>0.00</LTOP><LTOP_U>MM</LTOP_U><LRIGHT>0.00</LRIGHT><LRIGHT_U>MM</LRIGHT_U><LBOTTOM>0.00</LBOTTOM><LBOTTOM_U>MM</LBOTTOM_U><FILLCOLOR><RED>000</RED><GREEN>000</GREEN><BLUE>000</BLUE><USED>X</USED></FILLCOLOR><CLEFT><RED>000</RED><GREEN>000</GREEN><BLUE>000</BLUE></CLEFT><CTOP><RED>000</RED><GREEN>000</GREEN><BLUE>000</BLUE></CTOP><CRIGHT><RED>000</RED><GREEN>000</GREEN><BLUE>000</BLUE></CRIGHT><CBOTTOM><RED>000</RED><GREEN>000</GREEN><BLUE>000</BLUE></CBOTTOM></item></BORDERS></item><item><NAME>BESTAND</NAME><COLUMNNR>004</COLUMNNR><CWIDTH>9.00</CWIDTH><U_CWIDTH>CM</U_CWIDTH><SHADING>000</SHADING><BORDERS><item><IDX>001</IDX><INTENSITY>000</INTENSITY><LLEFT>0.00</LLEFT><LLEFT_U>MM</LLEFT_U><LTOP>0.00</LTOP><LTOP_U>MM</LTOP_U><LRIGHT>0.00</LRIGHT><LRIGHT_U>MM</LRIGHT_U><LBOTTOM>0.00</LBOTTOM><LBOTTOM_U>MM</LBOTTOM_U><FILLCOLOR><RED>000</RED><GREEN>000</GREEN><BLUE>000</BLUE><USED>X</USED></FILLCOLOR><CLEFT><RED>000</RED><GREEN>000</GREEN><BLUE>000</BLUE></CLEFT><CTOP><RED>000</RED><GREEN>000</GREEN><BLUE>000</BLUE></CTOP><CRIGHT><RED>000</RED><GREEN>000</GREEN><BLUE>000</BLUE></CRIGHT><CBOTTOM><RED>000</RED><GREEN>000</GREEN><BLUE>000</BLUE></CBOTTOM></item></BORDERS></item></CELLS><T_CAPTION><item><LANGU>D</LANGU><FORMNAME>ZBIB_FORM3</FORMNAME><OBJTYPE>SE</OBJTYPE><INAME>TABELLE</INAME><CAPTION>Tabelle</CAPTION></item></T_CAPTION></sf:SECTION></sf:OBJ><sf:SUCC><sf:item><sf:NODE><NODETYPE>EV</NODETYPE><sf:OBJ><sf:EVENT><NAME><INAME>%EVENT1</INAME></NAME><CAPTION>Kopfbereich</CAPTION><EVTYPE>H</EVTYPE><T_CAPTION><item><LANGU>D</LANGU><FORMNAME>ZBIB_FORM3</FORMNAME><OBJTYPE>EV</OBJTYPE><INAME>%EVENT1</INAME><CAPTION>Kopfbereich</CAPTION></item></T_CAPTION></sf:EVENT></sf:OBJ><sf:SUCC/></sf:NODE></sf:item><sf:item><sf:NODE><NODETYPE>EV</NODETYPE><sf:OBJ><sf:EVENT><NAME><INAME>%EVENT2</INAME></NAME><CAPTION>Hauptbereich</CAPTION><EVTYPE>B</EVTYPE><T_CAPTION><item><LANGU>D</LANGU><FORMNAME>ZBIB_FORM3</FORMNAME><OBJTYPE>EV</OBJTYPE><INAME>%EVENT2</INAME><CAPTION>Hauptbereich</CAPTION></item></T_CAPTION></sf:EVENT></sf:OBJ><sf:SUCC><sf:item><sf:NODE><NODETYPE>SE</NODETYPE><sf:OBJ><sf:SECTION><NAME><INAME>GENRE</INAME></NAME><SECTTYPE>R</SECTTYPE><U_FHEIGHT>CM</U_FHEIGHT><PATTERN><PATTNUM>0000</PATTNUM><FRAME>0.00</FRAME><U_FRAME>PT</U_FRAME></PATTERN><U_WIDTH>CM</U_WIDTH><U_LEFT>CM</U_LEFT><U_TOP>CM</U_TOP><U_SB>CM</U_SB><U_SA>CM</U_SA><T_CAPTION><item><LANGU>D</LANGU><FORMNAME>ZBIB_FORM3</FORMNAME><OBJTYPE>SE</OBJTYPE><INAME>GENRE</INAME></item></T_CAPTION></sf:SECTION></sf:OBJ><sf:OUTATTR><sf:OUTATTR><NAME><INAME>%OUTATTRIB2</INAME></NAME><T_LINETYPE>GENRE</T_LINETYPE><U_WFRAME>PT</U_WFRAME><U_WBOXV>CM</U_WBOXV><U_WBOXH>CM</U_WBOXH><U_WLEFT>CM</U_WLEFT><U_WWIDTH>CM</U_WWIDTH><U_WTOP>CM</U_WTOP><U_WHEIGHT>CM</U_WHEIGHT><BORDER><LEFTATTR><THICKNESS>0.00</THICKNESS><THICKNESSU>PT</THICKNESSU><DISTANCE>0.00</DISTANCE><DISTANCEU>CM</DISTANCEU><COLOR><RED>000</RED><GREEN>000</GREEN><BLUE>000</BLUE><TRANS>000</TRANS></COLOR></LEFTATTR><TOPATTR><THICKNESS>0.00</THICKNESS><THICKNESSU>PT</THICKNESSU><DISTANCE>0.00</DISTANCE><DISTANCEU>CM</DISTANCEU><COLOR><RED>000</RED><GREEN>000</GREEN><BLUE>000</BLUE><TRANS>000</TRANS></COLOR></TOPATTR><RIGHTATTR><THICKNESS>0.00</THICKNESS><THICKNESSU>PT</THICKNESSU><DISTANCE>0.00</DISTANCE><DISTANCEU>CM</DISTANCEU><COLOR><RED>000</RED><GREEN>000</GREEN><BLUE>000</BLUE><TRANS>000</TRANS></COLOR></RIGHTATTR><BOTTOMATTR><THICKNESS>0.00</THICKNESS><THICKNESSU>PT</THICKNESSU><DISTANCE>0.00</DISTANCE><DISTANCEU>CM</DISTANCEU><COLOR><RED>000</RED><GREEN>000</GREEN><BLUE>000</BLUE><TRANS>000</TRANS></COLOR></BOTTOMATTR></BORDER><T_CAPTION><item><LANGU>D</LANGU><FORMNAME>ZBIB_FORM3</FORMNAME><OBJTYPE>OA</OBJTYPE><INAME>%OUTATTRIB2</INAME></item></T_CAPTION></sf:OUTATTR></sf:OUTATTR><sf:SUCC><sf:item><sf:NODE><NODETYPE>SE</NODETYPE><sf:OBJ><sf:SECTION><NAME><INAME>GENREZELLE</INAME></NAME><CAPTION>Genrezelle</CAPTION><SECTTYPE>E</SECTTYPE><U_FHEIGHT>CM</U_FHEIGHT><PATTERN><PATTNUM>0000</PATTNUM><FRAME>0.00</FRAME><U_FRAME>PT</U_FRAME></PATTERN><U_WIDTH>CM</U_WIDTH><U_LEFT>CM</U_LEFT><U_TOP>CM</U_TOP><U_SB>CM</U_SB><U_SA>CM</U_SA><T_CAPTION><item><LANGU>D</LANGU><FORMNAME>ZBIB_FORM3</FORMNAME><OBJTYPE>SE</OBJTYPE><INAME>GENREZELLE</INAME><CAPTION>Genrezelle</CAPTION></item></T_CAPTION></sf:SECTION></sf:OBJ><sf:OUTATTR><sf:OUTATTR><NAME><INAME>%OUTATTRIB3</INAME></NAME><U_WFRAME>PT</U_WFRAME><U_WBOXV>CM</U_WBOXV><U_WBOXH>CM</U_WBOXH><U_WLEFT>CM</U_WLEFT><U_WWIDTH>CM</U_WWIDTH><U_WTOP>CM</U_WTOP><U_WHEIGHT>CM</U_WHEIGHT><BORDER><LEFTATTR><THICKNESS>0.00</THICKNESS><THICKNESSU>PT</THICKNESSU><DISTANCE>0.00</DISTANCE><DISTANCEU>CM</DISTANCEU><COLOR><RED>000</RED><GREEN>000</GREEN><BLUE>000</BLUE><TRANS>000</TRANS></COLOR></LEFTATTR><TOPATTR><THICKNESS>0.00</THICKNESS><THICKNESSU>PT</THICKNESSU><DISTANCE>0.00</DISTANCE><DISTANCEU>CM</DISTANCEU><COLOR><RED>000</RED><GREEN>000</GREEN><BLUE>000</BLUE><TRANS>000</TRANS></COLOR></TOPATTR><RIGHTATTR><THICKNESS>0.00</THICKNESS><THICKNESSU>PT</THICKNESSU><DISTANCE>0.00</DISTANCE><DISTANCEU>CM</DISTANCEU><COLOR><RED>000</RED><GREEN>000</GREEN><BLUE>000</BLUE><TRANS>000</TRANS></COLOR></RIGHTATTR><BOTTOMATTR><THICKNESS>0.00</THICKNESS><THICKNESSU>PT</THICKNESSU><DISTANCE>0.00</DISTANCE><DISTANCEU>CM</DISTANCEU><COLOR><RED>000</RED><GREEN>000</GREEN><BLUE>000</BLUE><TRANS>000</TRANS></COLOR></BOTTOMATTR></BORDER><T_CAPTION><item><LANGU>D</LANGU><FORMNAME>ZBIB_FORM3</FORMNAME><OBJTYPE>OA</OBJTYPE><INAME>%OUTATTRIB3</INAME></item></T_CAPTION></sf:OUTATTR></sf:OUTATTR><sf:SUCC><sf:item><sf:NODE><NODETYPE>TI</NODETYPE><sf:OBJ><sf:TEXT><NAME><INAME>TEXT</INAME></NAME><NOLANGUAGE>X</NOLANGUAGE><APPMODE>P</APPMODE><TEXT><item><TDFORMAT>U1</TDFORMAT><TDLINE>&amp;WA_GENRE-GENRE&amp; - &amp;WA_GENRE-GENRETEXT&amp;</TDLINE></item></TEXT><STYLE_NAME>ZBIB_STIL1</STYLE_NAME><TEXT_AREA><ENABLED>F</ENABLED><NCOLS>0</NCOLS><NROWS>0</NROWS></TEXT_AREA><T_CAPTION><item><LANGU>D</LANGU><FORMNAME>ZBIB_FORM3</FORMNAME><OBJTYPE>TI</OBJTYPE><INAME>TEXT</INAME></item></T_CAPTION></sf:TEXT></sf:OBJ><sf:SUCC/></sf:NODE></sf:item></sf:SUCC></sf:NODE></sf:item></sf:SUCC></sf:NODE></sf:item><sf:item><sf:NODE><NODETYPE>SE</NODETYPE><sf:OBJ><sf:SECTION><NAME><INAME>LOOP</INAME></NAME><SECTTYPE>L</SECTTYPE><DATATYPE>L</DATATYPE><TABNAME>IT_BESTAND</TABNAME><TABHTYPE>I</TABHTYPE><TABHEADER>WA_BESTAND</TABHEADER><WCOND><item><COP>EQ</COP><OP1>BESTANDSNR(2)</OP1><OP2>WA_GENRE-GENRE</OP2><ICON>@20\QSelektieren: Gleich@</ICON></item></WCOND><U_FHEIGHT>CM</U_FHEIGHT><PATTERN><PATTNUM>0000</PATTNUM><FRAME>0.00</FRAME><U_FRAME>PT</U_FRAME></PATTERN><U_WIDTH>CM</U_WIDTH><U_LEFT>CM</U_LEFT><U_TOP>CM</U_TOP><U_SB>CM</U_SB><U_SA>CM</U_SA><T_CAPTION><item><LANGU>D</LANGU><FORMNAME>ZBIB_FORM3</FORMNAME><OBJTYPE>SE</OBJTYPE><INAME>LOOP</INAME></item></T_CAPTION></sf:SECTION></sf:OBJ><sf:SUCC><sf:item><sf:NODE><NODETYPE>SE</NODETYPE><sf:OBJ><sf:SECTION><NAME><INAME>BESTAND</INAME></NAME><SECTTYPE>R</SECTTYPE><U_FHEIGHT>CM</U_FHEIGHT><PATTERN><PATTNUM>0000</PATTNUM><FRAME>0.00</FRAME><U_FRAME>PT</U_FRAME></PATTERN><U_WIDTH>CM</U_WIDTH><U_LEFT>CM</U_LEFT><U_TOP>CM</U_TOP><U_SB>CM</U_SB><U_SA>CM</U_SA><T_CAPTION><item><LANGU>D</LANGU><FORMNAME>ZBIB_FORM3</FORMNAME><OBJTYPE>SE</OBJTYPE><INAME>BESTAND</INAME></item></T_CAPTION></sf:SECTION></sf:OBJ><sf:OUTATTR><sf:OUTATTR><NAME><INAME>%OUTATTRIB4</INAME></NAME><T_LINETYPE>BESTAND</T_LINETYPE><U_WFRAME>PT</U_WFRAME><U_WBOXV>CM</U_WBOXV><U_WBOXH>CM</U_WBOXH><U_WLEFT>CM</U_WLEFT><U_WWIDTH>CM</U_WWIDTH><U_WTOP>CM</U_WTOP><U_WHEIGHT>CM</U_WHEIGHT><BORDER><LEFTATTR><THICKNESS>0.00</THICKNESS><THICKNESSU>PT</THICKNESSU><DISTANCE>0.00</DISTANCE><DISTANCEU>CM</DISTANCEU><COLOR><RED>000</RED><GREEN>000</GREEN><BLUE>000</BLUE><TRANS>000</TRANS></COLOR></LEFTATTR><TOPATTR><THICKNESS>0.00</THICKNESS><THICKNESSU>PT</THICKNESSU><DISTANCE>0.00</DISTANCE><DISTANCEU>CM</DISTANCEU><COLOR><RED>000</RED><GREEN>000</GREEN><BLUE>000</BLUE><TRANS>000</TRANS></COLOR></TOPATTR><RIGHTATTR><THICKNESS>0.00</THICKNESS><THICKNESSU>PT</THICKNESSU><DISTANCE>0.00</DISTANCE><DISTANCEU>CM</DISTANCEU><COLOR><RED>000</RED><GREEN>000</GREEN><BLUE>000</BLUE><TRANS>000</TRANS></COLOR></RIGHTATTR><BOTTOMATTR><THICKNESS>0.00</THICKNESS><THICKNESSU>PT</THICKNESSU><DISTANCE>0.00</DISTANCE><DISTANCEU>CM</DISTANCEU><COLOR><RED>000</RED><GREEN>000</GREEN><BLUE>000</BLUE><TRANS>000</TRANS></COLOR></BOTTOMATTR></BORDER><T_CAPTION><item><LANGU>D</LANGU><FORMNAME>ZBIB_FORM3</FORMNAME><OBJTYPE>OA</OBJTYPE><INAME>%OUTATTRIB4</INAME></item></T_CAPTION></sf:OUTATTR></sf:OUTATTR><sf:SUCC><sf:item><sf:NODE><NODETYPE>SE</NODETYPE><sf:OBJ><sf:SECTION><NAME><INAME>LEER</INAME></NAME><SECTTYPE>E</SECTTYPE><U_FHEIGHT>CM</U_FHEIGHT><PATTERN><PATTNUM>0000</PATTNUM><FRAME>0.00</FRAME><U_FRAME>PT</U_FRAME></PATTERN><U_WIDTH>CM</U_WIDTH><U_LEFT>CM</U_LEFT><U_TOP>CM</U_TOP><U_SB>CM</U_SB><U_SA>CM</U_SA><T_CAPTION><item><LANGU>D</LANGU><FORMNAME>ZBIB_FORM3</FORMNAME><OBJTYPE>SE</OBJTYPE><INAME>LEER</INAME></item></T_CAPTION></sf:SECTION></sf:OBJ><sf:OUTATTR><sf:OUTATTR><NAME><INAME>%OUTATTRIB5</INAME></NAME><U_WFRAME>PT</U_WFRAME><U_WBOXV>CM</U_WBOXV><U_WBOXH>CM</U_WBOXH><U_WLEFT>CM</U_WLEFT><U_WWIDTH>CM</U_WWIDTH><U_WTOP>CM</U_WTOP><U_WHEIGHT>CM</U_WHEIGHT><BORDER><LEFTATTR><THICKNESS>0.00</THICKNESS><THICKNESSU>PT</THICKNESSU><DISTANCE>0.00</DISTANCE><DISTANCEU>CM</DISTANCEU><COLOR><RED>000</RED><GREEN>000</GREEN><BLUE>000</BLUE><TRANS>000</TRANS></COLOR></LEFTATTR><TOPATTR><THICKNESS>0.00</THICKNESS><THICKNESSU>PT</THICKNESSU><DISTANCE>0.00</DISTANCE><DISTANCEU>CM</DISTANCEU><COLOR><RED>000</RED><GREEN>000</GREEN><BLUE>000</BLUE><TRANS>000</TRANS></COLOR></TOPATTR><RIGHTATTR><THICKNESS>0.00</THICKNESS><THICKNESSU>PT</THICKNESSU><DISTANCE>0.00</DISTANCE><DISTANCEU>CM</DISTANCEU><COLOR><RED>000</RED><GREEN>000</GREEN><BLUE>000</BLUE><TRANS>000</TRANS></COLOR></RIGHTATTR><BOTTOMATTR><THICKNESS>0.00</THICKNESS><THICKNESSU>PT</THICKNESSU><DISTANCE>0.00</DISTANCE><DISTANCEU>CM</DISTANCEU><COLOR><RED>000</RED><GREEN>000</GREEN><BLUE>000</BLUE><TRANS>000</TRANS></COLOR></BOTTOMATTR></BORDER><T_CAPTION><item><LANGU>D</LANGU><FORMNAME>ZBIB_FORM3</FORMNAME><OBJTYPE>OA</OBJTYPE><INAME>%OUTATTRIB5</INAME></item></T_CAPTION></sf:OUTATTR></sf:OUTATTR><sf:SUCC/></sf:NODE></sf:item><sf:item><sf:NODE><NODETYPE>SE</NODETYPE><sf:OBJ><sf:SECTION><NAME><INAME>BESTANDSNR</INAME></NAME><SECTTYPE>E</SECTTYPE><U_FHEIGHT>CM</U_FHEIGHT><PATTERN><PATTNUM>0000</PATTNUM><FRAME>0.00</FRAME><U_FRAME>PT</U_FRAME></PATTERN><U_WIDTH>CM</U_WIDTH><U_LEFT>CM</U_LEFT><U_TOP>CM</U_TOP><U_SB>CM</U_SB><U_SA>CM</U_SA><T_CAPTION><item><LANGU>D</LANGU><FORMNAME>ZBIB_FORM3</FORMNAME><OBJTYPE>SE</OBJTYPE><INAME>BESTANDSNR</INAME></item></T_CAPTION></sf:SECTION></sf:OBJ><sf:OUTATTR><sf:OUTATTR><NAME><INAME>%OUTATTRIB9</INAME></NAME><U_WFRAME>PT</U_WFRAME><U_WBOXV>CM</U_WBOXV><U_WBOXH>CM</U_WBOXH><U_WLEFT>CM</U_WLEFT><U_WWIDTH>CM</U_WWIDTH><U_WTOP>CM</U_WTOP><U_WHEIGHT>CM</U_WHEIGHT><BORDER><LEFTATTR><THICKNESS>0.00</THICKNESS><THICKNESSU>PT</THICKNESSU><DISTANCE>0.00</DISTANCE><DISTANCEU>CM</DISTANCEU><COLOR><RED>000</RED><GREEN>000</GREEN><BLUE>000</BLUE><TRANS>000</TRANS></COLOR></LEFTATTR><TOPATTR><THICKNESS>0.00</THICKNESS><THICKNESSU>PT</THICKNESSU><DISTANCE>0.00</DISTANCE><DISTANCEU>CM</DISTANCEU><COLOR><RED>000</RED><GREEN>000</GREEN><BLUE>000</BLUE><TRANS>000</TRANS></COLOR></TOPATTR><RIGHTATTR><THICKNESS>0.00</THICKNESS><THICKNESSU>PT</THICKNESSU><DISTANCE>0.00</DISTANCE><DISTANCEU>CM</DISTANCEU><COLOR><RED>000</RED><GREEN>000</GREEN><BLUE>000</BLUE><TRANS>000</TRANS></COLOR></RIGHTATTR><BOTTOMATTR><THICKNESS>0.00</THICKNESS><THICKNESSU>PT</THICKNESSU><DISTANCE>0.00</DISTANCE><DISTANCEU>CM</DISTANCEU><COLOR><RED>000</RED><GREEN>000</GREEN><BLUE>000</BLUE><TRANS>000</TRANS></COLOR></BOTTOMATTR></BORDER><T_CAPTION><item><LANGU>D</LANGU><FORMNAME>ZBIB_FORM3</FORMNAME><OBJTYPE>OA</OBJTYPE><INAME>%OUTATTRIB9</INAME></item></T_CAPTION></sf:OUTATTR></sf:OUTATTR><sf:SUCC><sf:item><sf:NODE><NODETYPE>TI</NODETYPE><sf:OBJ><sf:TEXT><NAME><INAME>TEXTBESTANDSNR</INAME></NAME><NOLANGUAGE>X</NOLANGUAGE><APPMODE>P</APPMODE><TEXT><item><TDFORMAT>*</TDFORMAT><TDLINE>&amp;WA_BESTAND-BESTANDSNR&amp;</TDLINE></item></TEXT><STYLE_NAME>ZBIB_STIL1</STYLE_NAME><TEXT_AREA><ENABLED>F</ENABLED><NCOLS>0</NCOLS><NROWS>0</NROWS></TEXT_AREA><T_CAPTION><item><LANGU>D</LANGU><FORMNAME>ZBIB_FORM3</FORMNAME><OBJTYPE>TI</OBJTYPE><INAME>TEXTBESTANDSNR</INAME></item></T_CAPTION></sf:TEXT></sf:OBJ><sf:SUCC/></sf:NODE></sf:item></sf:SUCC></sf:NODE></sf:item><sf:item><sf:NODE><NODETYPE>SE</NODETYPE><sf:OBJ><sf:SECTION><NAME><INAME>ISBN</INAME></NAME><SECTTYPE>E</SECTTYPE><U_FHEIGHT>CM</U_FHEIGHT><PATTERN><PATTNUM>0000</PATTNUM><FRAME>0.00</FRAME><U_FRAME>PT</U_FRAME></PATTERN><U_WIDTH>CM</U_WIDTH><U_LEFT>CM</U_LEFT><U_TOP>CM</U_TOP><U_SB>CM</U_SB><U_SA>CM</U_SA><T_CAPTION><item><LANGU>D</LANGU><FORMNAME>ZBIB_FORM3</FORMNAME><OBJTYPE>SE</OBJTYPE><INAME>ISBN</INAME></item></T_CAPTION></sf:SECTION></sf:OBJ><sf:OUTATTR><sf:OUTATTR><NAME><INAME>%OUTATTRIB6</INAME></NAME><U_WFRAME>PT</U_WFRAME><U_WBOXV>CM</U_WBOXV><U_WBOXH>CM</U_WBOXH><U_WLEFT>CM</U_WLEFT><U_WWIDTH>CM</U_WWIDTH><U_WTOP>CM</U_WTOP><U_WHEIGHT>CM</U_WHEIGHT><BORDER><LEFTATTR><THICKNESS>0.00</THICKNESS><THICKNESSU>PT</THICKNESSU><DISTANCE>0.00</DISTANCE><DISTANCEU>CM</DISTANCEU><COLOR><RED>000</RED><GREEN>000</GREEN><BLUE>000</BLUE><TRANS>000</TRANS></COLOR></LEFTATTR><TOPATTR><THICKNESS>0.00</THICKNESS><THICKNESSU>PT</THICKNESSU><DISTANCE>0.00</DISTANCE><DISTANCEU>CM</DISTANCEU><COLOR><RED>000</RED><GREEN>000</GREEN><BLUE>000</BLUE><TRANS>000</TRANS></COLOR></TOPATTR><RIGHTATTR><THICKNESS>0.00</THICKNESS><THICKNESSU>PT</THICKNESSU><DISTANCE>0.00</DISTANCE><DISTANCEU>CM</DISTANCEU><COLOR><RED>000</RED><GREEN>000</GREEN><BLUE>000</BLUE><TRANS>000</TRANS></COLOR></RIGHTATTR><BOTTOMATTR><THICKNESS>0.00</THICKNESS><THICKNESSU>PT</THICKNESSU><DISTANCE>0.00</DISTANCE><DISTANCEU>CM</DISTANCEU><COLOR><RED>000</RED><GREEN>000</GREEN><BLUE>000</BLUE><TRANS>000</TRANS></COLOR></BOTTOMATTR></BORDER><T_CAPTION><item><LANGU>D</LANGU><FORMNAME>ZBIB_FORM3</FORMNAME><OBJTYPE>OA</OBJTYPE><INAME>%OUTATTRIB6</INAME></item></T_CAPTION></sf:OUTATTR></sf:OUTATTR><sf:SUCC><sf:item><sf:NODE><NODETYPE>TI</NODETYPE><sf:OBJ><sf:TEXT><NAME><INAME>TEXTISBN</INAME></NAME><NOLANGUAGE>X</NOLANGUAGE><APPMODE>P</APPMODE><TEXT><item><TDFORMAT>*</TDFORMAT><TDLINE>&amp;WA_BESTAND-ISBN&amp;</TDLINE></item></TEXT><STYLE_NAME>ZBIB_STIL1</STYLE_NAME><TEXT_AREA><ENABLED>F</ENABLED><NCOLS>0</NCOLS><NROWS>0</NROWS></TEXT_AREA><T_CAPTION><item><LANGU>D</LANGU><FORMNAME>ZBIB_FORM3</FORMNAME><OBJTYPE>TI</OBJTYPE><INAME>TEXTISBN</INAME></item></T_CAPTION></sf:TEXT></sf:OBJ><sf:SUCC/></sf:NODE></sf:item></sf:SUCC></sf:NODE></sf:item><sf:item><sf:NODE><NODETYPE>SE</NODETYPE><sf:OBJ><sf:SECTION><NAME><INAME>TITEL</INAME></NAME><SECTTYPE>E</SECTTYPE><U_FHEIGHT>CM</U_FHEIGHT><PATTERN><PATTNUM>0000</PATTNUM><FRAME>0.00</FRAME><U_FRAME>PT</U_FRAME></PATTERN><U_WIDTH>CM</U_WIDTH><U_LEFT>CM</U_LEFT><U_TOP>CM</U_TOP><U_SB>CM</U_SB><U_SA>CM</U_SA><T_CAPTION><item><LANGU>D</LANGU><FORMNAME>ZBIB_FORM3</FORMNAME><OBJTYPE>SE</OBJTYPE><INAME>TITEL</INAME></item></T_CAPTION></sf:SECTION></sf:OBJ><sf:OUTATTR><sf:OUTATTR><NAME><INAME>%OUTATTRIB7</INAME></NAME><U_WFRAME>PT</U_WFRAME><U_WBOXV>CM</U_WBOXV><U_WBOXH>CM</U_WBOXH><U_WLEFT>CM</U_WLEFT><U_WWIDTH>CM</U_WWIDTH><U_WTOP>CM</U_WTOP><U_WHEIGHT>CM</U_WHEIGHT><BORDER><LEFTATTR><THICKNESS>0.00</THICKNESS><THICKNESSU>PT</THICKNESSU><DISTANCE>0.00</DISTANCE><DISTANCEU>CM</DISTANCEU><COLOR><RED>000</RED><GREEN>000</GREEN><BLUE>000</BLUE><TRANS>000</TRANS></COLOR></LEFTATTR><TOPATTR><THICKNESS>0.00</THICKNESS><THICKNESSU>PT</THICKNESSU><DISTANCE>0.00</DISTANCE><DISTANCEU>CM</DISTANCEU><COLOR><RED>000</RED><GREEN>000</GREEN><BLUE>000</BLUE><TRANS>000</TRANS></COLOR></TOPATTR><RIGHTATTR><THICKNESS>0.00</THICKNESS><THICKNESSU>PT</THICKNESSU><DISTANCE>0.00</DISTANCE><DISTANCEU>CM</DISTANCEU><COLOR><RED>000</RED><GREEN>000</GREEN><BLUE>000</BLUE><TRANS>000</TRANS></COLOR></RIGHTATTR><BOTTOMATTR><THICKNESS>0.00</THICKNESS><THICKNESSU>PT</THICKNESSU><DISTANCE>0.00</DISTANCE><DISTANCEU>CM</DISTANCEU><COLOR><RED>000</RED><GREEN>000</GREEN><BLUE>000</BLUE><TRANS>000</TRANS></COLOR></BOTTOMATTR></BORDER><T_CAPTION><item><LANGU>D</LANGU><FORMNAME>ZBIB_FORM3</FORMNAME><OBJTYPE>OA</OBJTYPE><INAME>%OUTATTRIB7</INAME></item></T_CAPTION></sf:OUTATTR></sf:OUTATTR><sf:SUCC><sf:item><sf:NODE><NODETYPE>TI</NODETYPE><sf:OBJ><sf:TEXT><NAME><INAME>TTIEL</INAME></NAME><NOLANGUAGE>X</NOLANGUAGE><APPMODE>P</APPMODE><TEXT><item><TDFORMAT>*</TDFORMAT><TDLINE>&amp;WA_BESTAND-TITEL&amp;</TDLINE></item></TEXT><STYLE_NAME>ZBIB_STIL1</STYLE_NAME><TEXT_AREA><ENABLED>F</ENABLED><NCOLS>0</NCOLS><NROWS>0</NROWS></TEXT_AREA><T_CAPTION><item><LANGU>D</LANGU><FORMNAME>ZBIB_FORM3</FORMNAME><OBJTYPE>TI</OBJTYPE><INAME>TTIEL</INAME></item></T_CAPTION></sf:TEXT></sf:OBJ><sf:SUCC/></sf:NODE></sf:item></sf:SUCC></sf:NODE></sf:item></sf:SUCC></sf:NODE></sf:item></sf:SUCC></sf:NODE></sf:item></sf:SUCC></sf:NODE></sf:item><sf:item><sf:NODE><NODETYPE>EV</NODETYPE><sf:OBJ><sf:EVENT><NAME><INAME>%EVENT3</INAME></NAME><CAPTION>Fußbereich</CAPTION><EVTYPE>F</EVTYPE><T_CAPTION><item><LANGU>D</LANGU><FORMNAME>ZBIB_FORM3</FORMNAME><OBJTYPE>EV</OBJTYPE><INAME>%EVENT3</INAME><CAPTION>Fußbereich</CAPTION></item></T_CAPTION></sf:EVENT></sf:OBJ><sf:SUCC><sf:item><sf:NODE><NODETYPE>SE</NODETYPE><sf:OBJ><sf:SECTION><NAME><INAME>SUMME</INAME></NAME><SECTTYPE>R</SECTTYPE><U_FHEIGHT>CM</U_FHEIGHT><PATTERN><PATTNUM>0000</PATTNUM><FRAME>0.00</FRAME><U_FRAME>PT</U_FRAME></PATTERN><U_WIDTH>CM</U_WIDTH><U_LEFT>CM</U_LEFT><U_TOP>CM</U_TOP><U_SB>CM</U_SB><U_SA>CM</U_SA><T_CAPTION><item><LANGU>D</LANGU><FORMNAME>ZBIB_FORM3</FORMNAME><OBJTYPE>SE</OBJTYPE><INAME>SUMME</INAME></item></T_CAPTION></sf:SECTION></sf:OBJ><sf:OUTATTR><sf:OUTATTR><NAME><INAME>%OUTATTRIB10</INAME></NAME><T_LINETYPE>GENRE</T_LINETYPE><U_WFRAME>PT</U_WFRAME><U_WBOXV>CM</U_WBOXV><U_WBOXH>CM</U_WBOXH><U_WLEFT>CM</U_WLEFT><U_WWIDTH>CM</U_WWIDTH><U_WTOP>CM</U_WTOP><U_WHEIGHT>CM</U_WHEIGHT><BORDER><LEFTATTR><THICKNESS>0.00</THICKNESS><THICKNESSU>PT</THICKNESSU><DISTANCE>0.00</DISTANCE><DISTANCEU>CM</DISTANCEU><COLOR><RED>000</RED><GREEN>000</GREEN><BLUE>000</BLUE><TRANS>000</TRANS></COLOR></LEFTATTR><TOPATTR><THICKNESS>0.00</THICKNESS><THICKNESSU>PT</THICKNESSU><DISTANCE>0.00</DISTANCE><DISTANCEU>CM</DISTANCEU><COLOR><RED>000</RED><GREEN>000</GREEN><BLUE>000</BLUE><TRANS>000</TRANS></COLOR></TOPATTR><RIGHTATTR><THICKNESS>0.00</THICKNESS><THICKNESSU>PT</THICKNESSU><DISTANCE>0.00</DISTANCE><DISTANCEU>CM</DISTANCEU><COLOR><RED>000</RED><GREEN>000</GREEN><BLUE>000</BLUE><TRANS>000</TRANS></COLOR></RIGHTATTR><BOTTOMATTR><THICKNESS>0.00</THICKNESS><THICKNESSU>PT</THICKNESSU><DISTANCE>0.00</DISTANCE><DISTANCEU>CM</DISTANCEU><COLOR><RED>000</RED><GREEN>000</GREEN><BLUE>000</BLUE><TRANS>000</TRANS></COLOR></BOTTOMATTR></BORDER><T_CAPTION><item><LANGU>D</LANGU><FORMNAME>ZBIB_FORM3</FORMNAME><OBJTYPE>OA</OBJTYPE><INAME>%OUTATTRIB10</INAME></item></T_CAPTION></sf:OUTATTR></sf:OUTATTR><sf:SUCC><sf:item><sf:NODE><NODETYPE>SE</NODETYPE><sf:OBJ><sf:SECTION><NAME><INAME>SUMMENZELLE</INAME></NAME><SECTTYPE>E</SECTTYPE><U_FHEIGHT>CM</U_FHEIGHT><PATTERN><PATTNUM>0000</PATTNUM><FRAME>0.00</FRAME><U_FRAME>PT</U_FRAME></PATTERN><U_WIDTH>CM</U_WIDTH><U_LEFT>CM</U_LEFT><U_TOP>CM</U_TOP><U_SB>CM</U_SB><U_SA>CM</U_SA><T_CAPTION><item><LANGU>D</LANGU><FORMNAME>ZBIB_FORM3</FORMNAME><OBJTYPE>SE</OBJTYPE><INAME>SUMMENZELLE</INAME></item></T_CAPTION></sf:SECTION></sf:OBJ><sf:OUTATTR><sf:OUTATTR><NAME><INAME>%OUTATTRIB11</INAME></NAME><U_WFRAME>PT</U_WFRAME><U_WBOXV>CM</U_WBOXV><U_WBOXH>CM</U_WBOXH><U_WLEFT>CM</U_WLEFT><U_WWIDTH>CM</U_WWIDTH><U_WTOP>CM</U_WTOP><U_WHEIGHT>CM</U_WHEIGHT><BORDER><LEFTATTR><THICKNESS>0.00</THICKNESS><THICKNESSU>PT</THICKNESSU><DISTANCE>0.00</DISTANCE><DISTANCEU>CM</DISTANCEU><COLOR><RED>000</RED><GREEN>000</GREEN><BLUE>000</BLUE><TRANS>000</TRANS></COLOR></LEFTATTR><TOPATTR><THICKNESS>0.00</THICKNESS><THICKNESSU>PT</THICKNESSU><DISTANCE>0.00</DISTANCE><DISTANCEU>CM</DISTANCEU><COLOR><RED>000</RED><GREEN>000</GREEN><BLUE>000</BLUE><TRANS>000</TRANS></COLOR></TOPATTR><RIGHTATTR><THICKNESS>0.00</THICKNESS><THICKNESSU>PT</THICKNESSU><DISTANCE>0.00</DISTANCE><DISTANCEU>CM</DISTANCEU><COLOR><RED>000</RED><GREEN>000</GREEN><BLUE>000</BLUE><TRANS>000</TRANS></COLOR></RIGHTATTR><BOTTOMATTR><THICKNESS>0.00</THICKNESS><THICKNESSU>PT</THICKNESSU><DISTANCE>0.00</DISTANCE><DISTANCEU>CM</DISTANCEU><COLOR><RED>000</RED><GREEN>000</GREEN><BLUE>000</BLUE><TRANS>000</TRANS></COLOR></BOTTOMATTR></BORDER><T_CAPTION><item><LANGU>D</LANGU><FORMNAME>ZBIB_FORM3</FORMNAME><OBJTYPE>OA</OBJTYPE><INAME>%OUTATTRIB11</INAME></item></T_CAPTION></sf:OUTATTR></sf:OUTATTR><sf:SUCC><sf:item><sf:NODE><NODETYPE>TI</NODETYPE><sf:OBJ><sf:TEXT><NAME><INAME>SUMMETEXT</INAME></NAME><APPMODE>P</APPMODE><TEXT><item><TDFORMAT>*</TDFORMAT><TDLINE>Anzahl Bestandssätze: &amp;SUMME&amp;</TDLINE></item></TEXT><STYLE_NAME>ZBIB_STIL1</STYLE_NAME><TEXT_AREA><ENABLED>F</ENABLED><NCOLS>0</NCOLS><NROWS>0</NROWS></TEXT_AREA><T_CAPTION><item><LANGU>D</LANGU><FORMNAME>ZBIB_FORM3</FORMNAME><OBJTYPE>TI</OBJTYPE><INAME>SUMMETEXT</INAME></item></T_CAPTION><T_TEXT><item><SPRAS>D</SPRAS><TXTYPE>F</TXTYPE><FORMNAME>ZBIB_FORM3</FORMNAME><INAME>SUMMETEXT</INAME><LINENR>000001</LINENR><TDFORMAT>*</TDFORMAT><TDLINE>Anzahl Bestandssätze: &amp;SUMME&amp;</TDLINE></item></T_TEXT></sf:TEXT></sf:OBJ><sf:SUCC/></sf:NODE></sf:item></sf:SUCC></sf:NODE></sf:item></sf:SUCC></sf:NODE></sf:item></sf:SUCC></sf:NODE></sf:item></sf:SUCC></sf:NODE></sf:item></sf:SUCC></sf:NODE></sf:PROC_CTRL></sf:WINDOW></sf:OBJ><sf:OUTATTR><sf:OUTATTR><NAME><INAME>%OUTATTRIB1</INAME></NAME><CAPTION>Neue Ausgabeoption</CAPTION><U_WFRAME>PT</U_WFRAME><U_WBOXV>CM</U_WBOXV><U_WBOXH>CM</U_WBOXH><WLEFT>2.50</WLEFT><U_WLEFT>CM</U_WLEFT><WWIDTH>16.00</WWIDTH><U_WWIDTH>CM</U_WWIDTH><WTOP>2.50</WTOP><U_WTOP>CM</U_WTOP><WHEIGHT>25.20</WHEIGHT><U_WHEIGHT>CM</U_WHEIGHT><BORDER><LEFTATTR><THICKNESS>0.00</THICKNESS><THICKNESSU>PT</THICKNESSU><DISTANCE>0.00</DISTANCE><DISTANCEU>CM</DISTANCEU><COLOR><RED>000</RED><GREEN>000</GREEN><BLUE>000</BLUE><TRANS>000</TRANS></COLOR></LEFTATTR><TOPATTR><THICKNESS>0.00</THICKNESS><THICKNESSU>PT</THICKNESSU><DISTANCE>0.00</DISTANCE><DISTANCEU>CM</DISTANCEU><COLOR><RED>000</RED><GREEN>000</GREEN><BLUE>000</BLUE><TRANS>000</TRANS></COLOR></TOPATTR><RIGHTATTR><THICKNESS>0.00</THICKNESS><THICKNESSU>PT</THICKNESSU><DISTANCE>0.00</DISTANCE><DISTANCEU>CM</DISTANCEU><COLOR><RED>000</RED><GREEN>000</GREEN><BLUE>000</BLUE><TRANS>000</TRANS></COLOR></RIGHTATTR><BOTTOMATTR><THICKNESS>0.00</THICKNESS><THICKNESSU>PT</THICKNESSU><DISTANCE>0.00</DISTANCE><DISTANCEU>CM</DISTANCEU><COLOR><RED>000</RED><GREEN>000</GREEN><BLUE>000</BLUE><TRANS>000</TRANS></COLOR></BOTTOMATTR></BORDER><T_CAPTION><item><LANGU>D</LANGU><FORMNAME>ZBIB_FORM3</FORMNAME><OBJTYPE>OA</OBJTYPE><INAME>%OUTATTRIB1</INAME><CAPTION>Neue Ausgabeoption</CAPTION></item></T_CAPTION></sf:OUTATTR></sf:OUTATTR><sf:SUCC/></sf:NODE></sf:item></sf:SUCC></sf:NODE></sf:item></sf:SUCC></sf:NODE></sf:PAGETREE></sf:item></sf:VARHEADER></sf:SMARTFORM>